record_type,config_index,num_threads,bm,bn,bk,wm,wn,wniter,tm,tn,shape_type,size_m,size_n,size_k,kernel_time_s,kernel_gflops,cublas_time_s,cublas_gflops,relative_to_cublas,status
phase1_baseline,1,128,128,128,16,64,64,4,8,4,square,128,128,128,0.000025,170.3,,,,ok
phase1_baseline,1,128,128,128,16,64,64,4,8,4,square,256,256,256,0.000038,890.3,,,,ok
phase1_baseline,1,128,128,128,16,64,64,4,8,4,square,512,512,512,0.000075,3566.6,,,,ok
phase1_baseline,1,128,128,128,16,64,64,4,8,4,square,1024,1024,1024,0.000187,11482.7,,,,ok
phase1_baseline,1,128,128,128,16,64,64,4,8,4,square,2048,2048,2048,0.001374,12506.5,,,,ok
phase1_baseline,1,128,128,128,16,64,64,4,8,4,square,4096,4096,4096,0.009632,14268.3,,,,ok
phase3_tuning,1,128,128,128,16,64,64,4,8,4,square,128,128,128,2.3e-05,182.0,1.8e-05,231.1,0.7875378623972307,ok
phase3_tuning,1,128,128,128,16,64,64,4,8,4,square,256,256,256,3.9e-05,863.7,1.9e-05,1812.1,0.4766293250924342,ok
phase3_tuning,1,128,128,128,16,64,64,4,8,4,square,512,512,512,6.7e-05,4024.1,3e-05,9056.0,0.444357332155477,ok
phase3_tuning,1,128,128,128,16,64,64,4,8,4,square,1024,1024,1024,0.000177,12145.0,0.000153,14040.9,0.8649730430385517,ok
phase3_tuning,1,128,128,128,16,64,64,4,8,4,square,2048,2048,2048,0.001266,13566.9,0.001082,15878.4,0.8544248790810157,ok
phase3_tuning,1,128,128,128,16,64,64,4,8,4,square,4096,4096,4096,0.009103,15097.7,0.008428,16306.7,0.9258586961187733,ok
phase3_tuning,2,128,128,128,8,32,128,2,8,4,square,128,128,128,2.1e-05,197.3,1.8e-05,231.1,0.853742968411943,ok
phase3_tuning,2,128,128,128,8,32,128,2,8,4,square,256,256,256,3.5e-05,946.9,1.9e-05,1812.1,0.522542906020639,ok
phase3_tuning,2,128,128,128,8,32,128,2,8,4,square,512,512,512,6.4e-05,4189.7,3e-05,9056.0,0.4626435512367491,ok
phase3_tuning,2,128,128,128,8,32,128,2,8,4,square,1024,1024,1024,0.000186,11566.4,0.000153,14040.9,0.8237648583780242,ok
phase3_tuning,2,128,128,128,8,32,128,2,8,4,square,2048,2048,2048,0.001309,13124.1,0.001082,15878.4,0.8265379383313181,ok
phase3_tuning,2,128,128,128,8,32,128,2,8,4,square,4096,4096,4096,0.009594,14325.5,0.008428,16306.7,0.8785039278333445,ok
phase3_tuning,3,128,128,128,32,64,64,1,8,8,square,128,128,128,2.1e-05,196.4,1.8e-05,231.1,0.8498485504110775,ok
phase3_tuning,3,128,128,128,32,64,64,1,8,8,square,256,256,256,3.8e-05,890.2,1.9e-05,1812.1,0.4912532420948072,ok
phase3_tuning,3,128,128,128,32,64,64,1,8,8,square,512,512,512,6.8e-05,3937.9,3e-05,9056.0,0.4348387809187279,ok
phase3_tuning,3,128,128,128,32,64,64,1,8,8,square,1024,1024,1024,0.000198,10851.7,0.000153,14040.9,0.7728635628770236,ok
phase3_tuning,3,128,128,128,32,64,64,1,8,8,square,2048,2048,2048,0.001345,12777.9,0.001082,15878.4,0.8047347339782346,ok
phase3_tuning,3,128,128,128,32,64,64,1,8,8,square,4096,4096,4096,0.009867,13929.8,0.008428,16306.7,0.8542378286225907,ok
phase3_tuning,4,128,128,256,8,128,64,4,4,8,square,128,128,128,0.000255,16.5,1.8e-05,231.1,0.07139766334919949,ok
phase3_tuning,4,128,128,256,8,128,64,4,4,8,square,256,256,256,0.000881,38.1,1.9e-05,1812.1,0.02102532972793996,ok
phase3_tuning,4,128,128,256,8,128,64,4,4,8,square,512,512,512,0.001752,153.2,3e-05,9056.0,0.016916961130742047,ok
phase3_tuning,4,128,128,256,8,128,64,4,4,8,square,1024,1024,1024,0.004296,499.9,0.000153,14040.9,0.03560313085343532,ok
phase3_tuning,4,128,128,256,8,128,64,4,4,8,square,2048,2048,2048,0.033815,508.1,0.001082,15878.4,0.03199944578798872,ok
phase3_tuning,4,128,128,256,8,128,64,4,4,8,square,4096,4096,4096,0.268756,511.4,0.008428,16306.7,0.03136134227035513,ok
phase3_tuning,5,128,128,128,16,32,128,4,8,4,square,128,128,128,2.4e-05,178.1,1.8e-05,231.1,0.7706620510601471,ok
phase3_tuning,5,128,128,128,16,32,128,4,8,4,square,256,256,256,3.8e-05,886.0,1.9e-05,1812.1,0.4889354892114122,ok
phase3_tuning,5,128,128,128,16,32,128,4,8,4,square,512,512,512,6.6e-05,4073.8,3e-05,9056.0,0.449845406360424,ok
phase3_tuning,5,128,128,128,16,32,128,4,8,4,square,1024,1024,1024,0.000176,12169.4,0.000153,14040.9,0.8667108233802676,ok
phase3_tuning,5,128,128,128,16,32,128,4,8,4,square,2048,2048,2048,0.001248,13762.3,0.001082,15878.4,0.8667309048770657,ok
phase3_tuning,5,128,128,128,16,32,128,4,8,4,square,4096,4096,4096,0.009148,15023.1,0.008428,16306.7,0.9212838894442161,ok
phase3_tuning,6,256,128,128,8,64,32,2,8,4,square,128,128,128,2.1e-05,198.4,1.8e-05,231.1,0.8585028126352229,ok
phase3_tuning,6,256,128,128,8,64,32,2,8,4,square,256,256,256,3.3e-05,1012.2,1.9e-05,1812.1,0.5585784448981845,ok
phase3_tuning,6,256,128,128,8,64,32,2,8,4,square,512,512,512,7.1e-05,3792.1,3e-05,9056.0,0.4187389575971731,ok
phase3_tuning,6,256,128,128,8,64,32,2,8,4,square,1024,1024,1024,0.000185,11631.3,0.000153,14040.9,0.8283870692049654,ok
phase3_tuning,6,256,128,128,8,64,32,2,8,4,square,2048,2048,2048,0.001414,12146.8,0.001082,15878.4,0.7649889157597742,ok
phase3_tuning,6,256,128,128,8,64,32,2,8,4,square,4096,4096,4096,0.011332,12128.1,0.008428,16306.7,0.7437495017385491,ok
phase3_tuning,7,128,64,256,8,64,64,2,4,8,square,128,128,128,3.7e-05,112.2,1.8e-05,231.1,0.4855041107745565,ok
phase3_tuning,7,128,64,256,8,64,64,2,4,8,square,256,256,256,3.7e-05,904.9,1.9e-05,1812.1,0.4993653771866895,ok
phase3_tuning,7,128,64,256,8,64,64,2,4,8,square,512,512,512,6.6e-05,4058.3,3e-05,9056.0,0.4481338339222615,ok
phase3_tuning,7,128,64,256,8,64,64,2,4,8,square,1024,1024,1024,0.000221,9732.5,0.000153,14040.9,0.6931535727766739,ok
phase3_tuning,7,128,64,256,8,64,64,2,4,8,square,2048,2048,2048,0.001496,11485.0,0.001082,15878.4,0.7233096533655784,ok
phase3_tuning,7,128,64,256,8,64,64,2,4,8,square,4096,4096,4096,0.010135,13561.0,0.008428,16306.7,0.8316213580920725,ok
phase3_tuning,8,256,64,128,16,32,32,2,4,4,square,128,128,128,1.3e-05,327.0,1.8e-05,231.1,1.4149718736477717,ok
phase3_tuning,8,256,64,128,16,32,32,2,4,4,square,256,256,256,2.1e-05,1588.3,1.9e-05,1812.1,0.8764968820705259,ok
phase3_tuning,8,256,64,128,16,32,32,2,4,4,square,512,512,512,3.8e-05,6984.9,3e-05,9056.0,0.7713007950530035,ok
phase3_tuning,8,256,64,128,16,32,32,2,4,4,square,1024,1024,1024,0.000185,11625.4,0.000153,14040.9,0.8279668682206981,ok
phase3_tuning,8,256,64,128,16,32,32,2,4,4,square,2048,2048,2048,0.001345,12770.7,0.001082,15878.4,0.8042812877871827,ok
phase3_tuning,8,256,64,128,16,32,32,2,4,4,square,4096,4096,4096,0.011449,12004.6,0.008428,16306.7,0.7361759276861658,ok
phase3_tuning,9,256,128,256,8,64,64,1,8,4,square,128,128,128,5e-05,84.3,1.8e-05,231.1,0.36477715274772826,ok
phase3_tuning,9,256,128,256,8,64,64,1,8,4,square,256,256,256,5.6e-05,600.9,1.9e-05,1812.1,0.33160421610286406,ok
phase3_tuning,9,256,128,256,8,64,64,1,8,4,square,512,512,512,0.000104,2590.5,3e-05,9056.0,0.28605344522968196,ok
phase3_tuning,9,256,128,256,8,64,64,1,8,4,square,1024,1024,1024,0.000201,10684.3,0.000153,14040.9,0.7609412502047589,ok
phase3_tuning,9,256,128,256,8,64,64,1,8,4,square,2048,2048,2048,0.001825,9412.0,0.001082,15878.4,0.5927549375251915,ok
phase3_tuning,9,256,128,256,8,64,64,1,8,4,square,4096,4096,4096,0.014451,9510.4,0.008428,16306.7,0.5832203940711487,ok
phase3_tuning,10,128,64,128,32,32,64,4,4,4,square,128,128,128,1.4e-05,310.2,1.8e-05,231.1,1.3422760709649502,ok
phase3_tuning,10,128,64,128,32,32,64,4,4,4,square,256,256,256,2.1e-05,1581.4,1.9e-05,1812.1,0.8726891451906629,ok
phase3_tuning,10,128,64,128,32,32,64,4,4,4,square,512,512,512,3.9e-05,6867.9,3e-05,9056.0,0.758381183745583,ok
phase3_tuning,10,128,64,128,32,32,64,4,4,4,square,1024,1024,1024,0.000199,10780.4,0.000153,14040.9,0.7677855408129108,ok
phase3_tuning,10,128,64,128,32,32,64,4,4,4,square,2048,2048,2048,0.001431,12002.3,0.001082,15878.4,0.7558885026199113,ok
phase3_tuning,10,128,64,128,32,32,64,4,4,4,square,4096,4096,4096,0.011791,11655.9,0.008428,16306.7,0.7147920793293554,ok
phase3_tuning,11,256,128,64,32,32,32,1,4,4,square,128,128,128,1.2e-05,360.6,1.8e-05,231.1,1.5603634790134142,ok
phase3_tuning,11,256,128,64,32,32,32,1,4,4,square,256,256,256,1.9e-05,1797.5,1.9e-05,1812.1,0.9919430495005795,ok
phase3_tuning,11,256,128,64,32,32,32,1,4,4,square,512,512,512,3.4e-05,7948.0,3e-05,9056.0,0.8776501766784452,ok
phase3_tuning,11,256,128,64,32,32,32,1,4,4,square,1024,1024,1024,0.000204,10526.1,0.000153,14040.9,0.7496741661859283,ok
phase3_tuning,11,256,128,64,32,32,32,1,4,4,square,2048,2048,2048,0.00154,11157.6,0.001082,15878.4,0.7026904474002419,ok
phase3_tuning,11,256,128,64,32,32,32,1,4,4,square,4096,4096,4096,0.011698,11749.3,0.008428,16306.7,0.7205197863454899,ok
phase3_tuning,12,128,128,128,16,64,64,1,8,8,square,128,128,128,2.2e-05,189.8,1.8e-05,231.1,0.8212894850713978,ok
phase3_tuning,12,128,128,128,16,64,64,1,8,8,square,256,256,256,3.7e-05,896.7,1.9e-05,1812.1,0.4948402406048232,ok
phase3_tuning,12,128,128,128,16,64,64,1,8,8,square,512,512,512,6.9e-05,3915.0,3e-05,9056.0,0.4323100706713781,ok
phase3_tuning,12,128,128,128,16,64,64,1,8,8,square,1024,1024,1024,0.000185,11593.3,0.000153,14040.9,0.8256806899842603,ok
phase3_tuning,12,128,128,128,16,64,64,1,8,8,square,2048,2048,2048,0.001275,13471.1,0.001082,15878.4,0.8483915255945184,ok
phase3_tuning,12,128,128,128,16,64,64,1,8,8,square,4096,4096,4096,0.00952,14436.8,0.008428,16306.7,0.8853293431534276,ok
phase3_tuning,13,256,128,128,32,32,64,2,8,4,square,128,128,128,1.7e-05,245.3,1.8e-05,231.1,1.0614452617914323,ok
phase3_tuning,13,256,128,128,32,32,64,2,8,4,square,256,256,256,3e-05,1122.5,1.9e-05,1812.1,0.619447050383533,ok
phase3_tuning,13,256,128,128,32,32,64,2,8,4,square,512,512,512,5.6e-05,4804.0,3e-05,9056.0,0.5304770318021201,ok
phase3_tuning,13,256,128,128,32,32,64,2,8,4,square,1024,1024,1024,0.000187,11495.3,0.000153,14040.9,0.8187010804150731,ok
phase3_tuning,13,256,128,128,32,32,64,2,8,4,square,2048,2048,2048,0.001442,11915.6,0.001082,15878.4,0.7504282547359936,ok
phase3_tuning,13,256,128,128,32,32,64,2,8,4,square,4096,4096,4096,0.010405,13208.5,0.008428,16306.7,0.8100044766874965,ok
phase3_tuning,14,256,128,256,32,32,128,4,8,4,square,128,128,128,5.5e-05,76.3,1.8e-05,231.1,0.3301601038511467,ok
phase3_tuning,14,256,128,256,32,32,128,4,8,4,square,256,256,256,5.1e-05,655.7,1.9e-05,1812.1,0.36184537277192214,ok
phase3_tuning,14,256,128,256,32,32,128,4,8,4,square,512,512,512,8.7e-05,3096.0,3e-05,9056.0,0.3418727915194346,ok
phase3_tuning,14,256,128,256,32,32,128,4,8,4,square,1024,1024,1024,0.00017,12605.2,0.000153,14040.9,0.8977487198114081,ok
phase3_tuning,14,256,128,256,32,32,128,4,8,4,square,2048,2048,2048,0.001424,12063.3,0.001082,15878.4,0.759730199516324,ok
phase3_tuning,14,256,128,256,32,32,128,4,8,4,square,4096,4096,4096,0.011093,12389.5,0.008428,16306.7,0.7597797224453752,ok
phase3_tuning,15,128,128,128,32,128,32,1,8,4,square,128,128,128,2.1e-05,199.3,1.8e-05,231.1,0.8623972306360883,ok
phase3_tuning,15,128,128,128,32,128,32,1,8,4,square,256,256,256,3.6e-05,943.9,1.9e-05,1812.1,0.5208873682467855,ok
phase3_tuning,15,128,128,128,32,128,32,1,8,4,square,512,512,512,6.4e-05,4215.1,3e-05,9056.0,0.46544832155477034,ok
phase3_tuning,15,128,128,128,32,128,32,1,8,4,square,1024,1024,1024,0.000191,11253.5,0.000153,14040.9,0.801479962110691,ok
phase3_tuning,15,128,128,128,32,128,32,1,8,4,square,2048,2048,2048,0.001329,12928.7,0.001082,15878.4,0.814231912535268,ok
phase3_tuning,15,128,128,128,32,128,32,1,8,4,square,4096,4096,4096,0.009654,14236.7,0.008428,16306.7,0.873058313453979,ok
phase3_tuning,16,128,64,128,32,32,64,2,4,4,square,128,128,128,1.5e-05,281.9,1.8e-05,231.1,1.2198182604932928,ok
phase3_tuning,16,128,64,128,32,32,64,2,4,4,square,256,256,256,2.3e-05,1431.3,1.9e-05,1812.1,0.789857071905524,ok
phase3_tuning,16,128,64,128,32,32,64,2,4,4,square,512,512,512,4.1e-05,6514.8,3e-05,9056.0,0.7193904593639576,ok
phase3_tuning,16,128,64,128,32,32,64,2,4,4,square,1024,1024,1024,0.000181,11862.1,0.000153,14040.9,0.8448247619454594,ok
phase3_tuning,16,128,64,128,32,32,64,2,4,4,square,2048,2048,2048,0.00131,13114.5,0.001082,15878.4,0.8259333434099154,ok
phase3_tuning,16,128,64,128,32,32,64,2,4,4,square,4096,4096,4096,0.010363,13263.0,0.008428,16306.7,0.8133466611883459,ok
phase3_tuning,17,256,64,256,32,32,64,1,4,8,square,128,128,128,2.3e-05,181.7,1.8e-05,231.1,0.7862397230636088,ok
phase3_tuning,17,256,64,256,32,32,64,1,4,8,square,256,256,256,3.2e-05,1061.3,1.9e-05,1812.1,0.5856740797969207,ok
phase3_tuning,17,256,64,256,32,32,64,1,4,8,square,512,512,512,5.8e-05,4629.1,3e-05,9056.0,0.5111638692579505,ok
phase3_tuning,17,256,64,256,32,32,64,1,4,8,square,1024,1024,1024,0.000172,12495.7,0.000153,14040.9,0.8899500744254286,ok
phase3_tuning,17,256,64,256,32,32,64,1,4,8,square,2048,2048,2048,0.00135,12721.7,0.001082,15878.4,0.8011953345425232,ok
phase3_tuning,17,256,64,256,32,32,64,1,4,8,square,4096,4096,4096,0.010277,13373.0,0.008428,16306.7,0.8200923546762987,ok
phase3_tuning,18,256,128,256,32,128,32,4,4,8,square,128,128,128,5.4e-05,77.9,1.8e-05,231.1,0.337083513630463,ok
phase3_tuning,18,256,128,256,32,128,32,4,4,8,square,256,256,256,5.4e-05,623.4,1.9e-05,1812.1,0.34402074940676564,ok
phase3_tuning,18,256,128,256,32,128,32,4,4,8,square,512,512,512,0.000107,2506.5,3e-05,9056.0,0.2767778268551237,ok
phase3_tuning,18,256,128,256,32,128,32,4,4,8,square,1024,1024,1024,0.000177,12140.5,0.000153,14040.9,0.8646525507624155,ok
phase3_tuning,18,256,128,256,32,128,32,4,4,8,square,2048,2048,2048,0.001406,12220.0,0.001082,15878.4,0.7695989520354696,ok
phase3_tuning,18,256,128,256,32,128,32,4,4,8,square,4096,4096,4096,0.011303,12159.1,0.008428,16306.7,0.7456505608124268,ok
phase3_tuning,19,128,128,256,32,64,128,4,8,4,square,128,128,128,0.000301,13.9,1.8e-05,231.1,0.060147122457810474,ok
phase3_tuning,19,128,128,256,32,64,128,4,8,4,square,256,256,256,0.000983,34.1,1.9e-05,1812.1,0.018817946029468575,ok
phase3_tuning,19,128,128,256,32,64,128,4,8,4,square,512,512,512,0.001905,140.9,3e-05,9056.0,0.01555874558303887,ok
phase3_tuning,19,128,128,256,32,64,128,4,8,4,square,1024,1024,1024,0.004745,452.6,0.000153,14040.9,0.0322344009287154,ok
phase3_tuning,19,128,128,256,32,64,128,4,8,4,square,2048,2048,2048,0.036944,465.0,0.001082,15878.4,0.029285066505441354,ok
phase3_tuning,19,128,128,256,32,64,128,4,8,4,square,4096,4096,4096,0.277513,495.3,0.008428,16306.7,0.030374018041663856,ok
phase3_tuning,20,256,128,256,16,128,32,2,4,4,square,128,128,128,4.3e-05,96.4,1.8e-05,231.1,0.4171354392038079,ok
phase3_tuning,20,256,128,256,16,128,32,2,4,4,square,256,256,256,5e-05,677.4,1.9e-05,1812.1,0.37382042933612936,ok
phase3_tuning,20,256,128,256,16,128,32,2,4,4,square,512,512,512,9.1e-05,2953.2,3e-05,9056.0,0.3261042402826855,ok
phase3_tuning,20,256,128,256,16,128,32,2,4,4,square,1024,1024,1024,0.00019,11275.4,0.000153,14040.9,0.8030396911878868,ok
phase3_tuning,20,256,128,256,16,128,32,2,4,4,square,2048,2048,2048,0.001547,11105.0,0.001082,15878.4,0.6993777710600565,ok
phase3_tuning,20,256,128,256,16,128,32,2,4,4,square,4096,4096,4096,0.0112,12271.3,0.008428,16306.7,0.7525311681701385,ok
phase3_tuning,21,128,128,128,16,128,32,2,4,8,square,128,128,128,2.1e-05,199.5,1.8e-05,231.1,0.8632626568585028,ok
phase3_tuning,21,128,128,128,16,128,32,2,4,8,square,256,256,256,3.7e-05,913.9,1.9e-05,1812.1,0.5043319905082501,ok
phase3_tuning,21,128,128,128,16,128,32,2,4,8,square,512,512,512,6.4e-05,4172.2,3e-05,9056.0,0.46071113074204945,ok
phase3_tuning,21,128,128,128,16,128,32,2,4,8,square,1024,1024,1024,0.000175,12291.9,0.000153,14040.9,0.8754353353417516,ok
phase3_tuning,21,128,128,128,16,128,32,2,4,8,square,2048,2048,2048,0.001305,13168.7,0.001082,15878.4,0.8293467855703346,ok
phase3_tuning,21,128,128,128,16,128,32,2,4,8,square,4096,4096,4096,0.008806,15606.6,0.008428,16306.7,0.9570667271734931,ok
phase3_tuning,22,128,128,256,16,128,64,1,4,4,square,128,128,128,0.00028,15.0,1.8e-05,231.1,0.06490696668109044,ok
phase3_tuning,22,128,128,256,16,128,64,1,4,4,square,256,256,256,0.000886,37.9,1.9e-05,1812.1,0.02091496054301639,ok
phase3_tuning,22,128,128,256,16,128,64,1,4,4,square,512,512,512,0.001761,152.5,3e-05,9056.0,0.016839664310954065,ok
phase3_tuning,22,128,128,256,16,128,64,1,4,4,square,1024,1024,1024,0.004372,491.2,0.000153,14040.9,0.034983512452905444,ok
phase3_tuning,22,128,128,256,16,128,64,1,4,4,square,2048,2048,2048,0.034181,502.6,0.001082,15878.4,0.03165306328093511,ok
phase3_tuning,22,128,128,256,16,128,64,1,4,4,square,4096,4096,4096,0.258881,530.9,0.008428,16306.7,0.0325571697523104,ok
phase3_tuning,23,128,128,256,16,64,128,1,8,8,square,128,128,128,0.000285,14.7,1.8e-05,231.1,0.06360882734746863,ok
phase3_tuning,23,128,128,256,16,64,128,1,8,8,square,256,256,256,0.000892,37.6,1.9e-05,1812.1,0.02074940676563104,ok
phase3_tuning,23,128,128,256,16,64,128,1,8,8,square,512,512,512,0.001772,151.5,3e-05,9056.0,0.016729240282685513,ok
phase3_tuning,23,128,128,256,16,64,128,1,8,8,square,1024,1024,1024,0.004351,493.6,0.000153,14040.9,0.03515444166684472,ok
phase3_tuning,23,128,128,256,16,64,128,1,8,8,square,2048,2048,2048,0.03423,501.9,0.001082,15878.4,0.03160897823458283,ok
phase3_tuning,23,128,128,256,16,64,128,1,8,8,square,4096,4096,4096,0.265705,517.3,0.008428,16306.7,0.03172315673925441,ok
phase3_tuning,24,256,128,256,32,32,128,4,4,8,square,128,128,128,4.8e-05,87.9,1.8e-05,231.1,0.38035482475119,ok
phase3_tuning,24,256,128,256,32,32,128,4,4,8,square,256,256,256,5e-05,673.7,1.9e-05,1812.1,0.3717785994150434,ok
phase3_tuning,24,256,128,256,32,32,128,4,4,8,square,512,512,512,9.1e-05,2962.5,3e-05,9056.0,0.32713118374558303,ok
phase3_tuning,24,256,128,256,32,32,128,4,4,8,square,1024,1024,1024,0.000184,11670.8,0.000153,14040.9,0.8312002791843828,ok
phase3_tuning,24,256,128,256,32,32,128,4,4,8,square,2048,2048,2048,0.001461,11760.0,0.001082,15878.4,0.7406287787182588,ok
phase3_tuning,24,256,128,256,32,32,128,4,4,8,square,4096,4096,4096,0.011348,12110.9,0.008428,16306.7,0.7426947205749783,ok
phase3_tuning,25,128,128,256,32,128,64,1,4,4,square,128,128,128,0.000262,16.0,1.8e-05,231.1,0.06923409779316314,ok
phase3_tuning,25,128,128,256,32,128,64,1,4,4,square,256,256,256,0.000886,37.9,1.9e-05,1812.1,0.02091496054301639,ok
phase3_tuning,25,128,128,256,32,128,64,1,4,4,square,512,512,512,0.001775,151.3,3e-05,9056.0,0.016707155477031804,ok
phase3_tuning,25,128,128,256,32,128,64,1,4,4,square,1024,1024,1024,0.004378,490.5,0.000153,14040.9,0.03493365809883982,ok
phase3_tuning,25,128,128,256,32,128,64,1,4,4,square,2048,2048,2048,0.033843,507.6,0.001082,15878.4,0.03196795646916566,ok
phase3_tuning,25,128,128,256,32,128,64,1,4,4,square,4096,4096,4096,0.269851,509.3,0.008428,16306.7,0.031232560849221484,ok
phase3_tuning,26,128,64,256,16,32,128,4,4,4,square,128,128,128,3.3e-05,125.8,1.8e-05,231.1,0.5443530938987451,ok
phase3_tuning,26,128,64,256,16,32,128,4,4,4,square,256,256,256,3.5e-05,949.1,1.9e-05,1812.1,0.5237569670547984,ok
phase3_tuning,26,128,64,256,16,32,128,4,4,4,square,512,512,512,6.2e-05,4334.4,3e-05,9056.0,0.47862190812720845,ok
phase3_tuning,26,128,64,256,16,32,128,4,4,4,square,1024,1024,1024,0.000183,11736.8,0.000153,14040.9,0.8359008325677129,ok
phase3_tuning,26,128,64,256,16,32,128,4,4,4,square,2048,2048,2048,0.001279,13431.2,0.001082,15878.4,0.8458786779524387,ok
phase3_tuning,26,128,64,256,16,32,128,4,4,4,square,4096,4096,4096,0.009153,15016.0,0.008428,16306.7,0.9208484855918119,ok
phase3_tuning,27,256,128,128,16,32,64,2,4,8,square,128,128,128,1.7e-05,241.6,1.8e-05,231.1,1.0454348766767634,ok
phase3_tuning,27,256,128,128,16,32,64,2,4,8,square,256,256,256,3.1e-05,1076.0,1.9e-05,1812.1,0.5937862148888031,ok
phase3_tuning,27,256,128,128,16,32,64,2,4,8,square,512,512,512,5.6e-05,4806.8,3e-05,9056.0,0.5307862190812721,ok
phase3_tuning,27,256,128,128,16,32,64,2,4,8,square,1024,1024,1024,0.00018,11908.2,0.000153,14040.9,0.8481080272632097,ok
phase3_tuning,27,256,128,128,16,32,64,2,4,8,square,2048,2048,2048,0.001388,12378.5,0.001082,15878.4,0.7795810661023781,ok
phase3_tuning,27,256,128,128,16,32,64,2,4,8,square,4096,4096,4096,0.010485,13108.1,0.008428,16306.7,0.8038474982675833,ok
phase3_tuning,28,256,128,128,32,32,64,2,4,8,square,128,128,128,1.7e-05,243.8,1.8e-05,231.1,1.0549545651233234,ok
phase3_tuning,28,256,128,128,32,32,64,2,4,8,square,256,256,256,3.1e-05,1081.2,1.9e-05,1812.1,0.5966558136968159,ok
phase3_tuning,28,256,128,128,32,32,64,2,4,8,square,512,512,512,5.6e-05,4798.2,3e-05,9056.0,0.5298365724381625,ok
phase3_tuning,28,256,128,128,32,32,64,2,4,8,square,1024,1024,1024,0.000189,11389.5,0.000153,14040.9,0.8111659509005833,ok
phase3_tuning,28,256,128,128,32,32,64,2,4,8,square,2048,2048,2048,0.001423,12070.0,0.001082,15878.4,0.760152156388553,ok
phase3_tuning,28,256,128,128,32,32,64,2,4,8,square,4096,4096,4096,0.010552,13025.3,0.008428,16306.7,0.7987698308057424,ok
phase3_tuning,29,256,128,64,32,32,32,1,8,4,square,128,128,128,1.1e-05,375.1,1.8e-05,231.1,1.6231068801384683,ok
phase3_tuning,29,256,128,64,32,32,32,1,8,4,square,256,256,256,1.9e-05,1767.9,1.9e-05,1812.1,0.9756084101318913,ok
phase3_tuning,29,256,128,64,32,32,32,1,8,4,square,512,512,512,3.4e-05,7952.2,3e-05,9056.0,0.8781139575971731,ok
phase3_tuning,29,256,128,64,32,32,32,1,8,4,square,1024,1024,1024,0.000224,9592.8,0.000153,14040.9,0.6832040681152918,ok
phase3_tuning,29,256,128,64,32,32,32,1,8,4,square,2048,2048,2048,0.001496,11484.6,0.001082,15878.4,0.72328446191052,ok
phase3_tuning,29,256,128,64,32,32,32,1,8,4,square,4096,4096,4096,0.011641,11806.3,0.008428,16306.7,0.7240152820619744,ok
phase3_tuning,30,128,128,128,32,128,32,1,4,8,square,128,128,128,2.1e-05,199.8,1.8e-05,231.1,0.8645607961921247,ok
phase3_tuning,30,128,128,128,32,128,32,1,4,8,square,256,256,256,3.6e-05,944.3,1.9e-05,1812.1,0.5211081066166326,ok
phase3_tuning,30,128,128,128,32,128,32,1,4,8,square,512,512,512,6.6e-05,4087.5,3e-05,9056.0,0.45135821554770317,ok
phase3_tuning,30,128,128,128,32,128,32,1,4,8,square,1024,1024,1024,0.000187,11470.1,0.000153,14040.9,0.8169063236687107,ok
phase3_tuning,30,128,128,128,32,128,32,1,4,8,square,2048,2048,2048,0.001313,13087.4,0.001082,15878.4,0.8242266223297058,ok
phase3_tuning,30,128,128,128,32,128,32,1,4,8,square,4096,4096,4096,0.009667,14216.7,0.008428,16306.7,0.8718318237288967,ok
phase3_tuning,31,128,64,256,32,32,128,4,4,8,square,128,128,128,3.3e-05,125.6,1.8e-05,231.1,0.5434876676763306,ok
phase3_tuning,31,128,64,256,32,32,128,4,4,8,square,256,256,256,3.8e-05,889.3,1.9e-05,1812.1,0.49075658076265105,ok
phase3_tuning,31,128,64,256,32,32,128,4,4,8,square,512,512,512,7e-05,3860.3,3e-05,9056.0,0.42626987632508834,ok
phase3_tuning,31,128,64,256,32,32,128,4,4,8,square,1024,1024,1024,0.000208,10319.8,0.000153,14040.9,0.7349813758377312,ok
phase3_tuning,31,128,64,256,32,32,128,4,4,8,square,2048,2048,2048,0.001516,11335.4,0.001082,15878.4,0.7138880491737203,ok
phase3_tuning,31,128,64,256,32,32,128,4,4,8,square,4096,4096,4096,0.011503,11948.1,0.008428,16306.7,0.7327110942128082,ok
phase3_tuning,32,128,128,128,32,128,32,4,4,4,square,128,128,128,2.3e-05,181.7,1.8e-05,231.1,0.7862397230636088,ok
phase3_tuning,32,128,128,128,32,128,32,4,4,4,square,256,256,256,3.9e-05,851.0,1.9e-05,1812.1,0.46962088184978756,ok
phase3_tuning,32,128,128,128,32,128,32,4,4,4,square,512,512,512,7.2e-05,3726.0,3e-05,9056.0,0.4114399293286219,ok
phase3_tuning,32,128,128,128,32,128,32,4,4,4,square,1024,1024,1024,0.000199,10788.9,0.000153,14040.9,0.7683909151122791,ok
phase3_tuning,32,128,128,128,32,128,32,4,4,4,square,2048,2048,2048,0.00138,12451.4,0.001082,15878.4,0.7841722087867795,ok
phase3_tuning,32,128,128,128,32,128,32,4,4,4,square,4096,4096,4096,0.0098,14024.1,0.008428,16306.7,0.8600207276763538,ok
phase3_tuning,33,128,128,64,8,64,32,2,8,4,square,128,128,128,1.7e-05,241.0,1.8e-05,231.1,1.0428385980095196,ok
phase3_tuning,33,128,128,64,8,64,32,2,8,4,square,256,256,256,2.6e-05,1311.7,1.9e-05,1812.1,0.7238562993212295,ok
phase3_tuning,33,128,128,64,8,64,32,2,8,4,square,512,512,512,4.5e-05,5918.3,3e-05,9056.0,0.6535225265017668,ok
phase3_tuning,33,128,128,64,8,64,32,2,8,4,square,1024,1024,1024,0.000179,11994.3,0.000153,14040.9,0.8542401128132812,ok
phase3_tuning,33,128,128,64,8,64,32,2,8,4,square,2048,2048,2048,0.001302,13197.3,0.001082,15878.4,0.8311479746070133,ok
phase3_tuning,33,128,128,64,8,64,32,2,8,4,square,4096,4096,4096,0.010385,13234.1,0.008428,16306.7,0.811574383535602,ok
phase3_tuning,34,128,64,128,8,64,32,2,4,4,square,128,128,128,1.6e-05,256.7,1.8e-05,231.1,1.110774556469061,ok
phase3_tuning,34,128,64,128,8,64,32,2,4,4,square,256,256,256,2.5e-05,1334.6,1.9e-05,1812.1,0.7364935709949781,ok
phase3_tuning,34,128,64,128,8,64,32,2,4,4,square,512,512,512,4.4e-05,6078.2,3e-05,9056.0,0.6711793286219081,ok
phase3_tuning,34,128,64,128,8,64,32,2,4,4,square,1024,1024,1024,0.000176,12235.4,0.000153,14040.9,0.8714113767635978,ok
phase3_tuning,34,128,64,128,8,64,32,2,4,4,square,2048,2048,2048,0.001256,13675.3,0.001082,15878.4,0.861251763401854,ok
phase3_tuning,34,128,64,128,8,64,32,2,4,4,square,4096,4096,4096,0.010085,13627.9,0.008428,16306.7,0.8357239662224729,ok
phase3_tuning,35,128,128,256,32,64,128,2,8,4,square,128,128,128,0.000255,16.5,1.8e-05,231.1,0.07139766334919949,ok
phase3_tuning,35,128,128,256,32,64,128,2,8,4,square,256,256,256,0.00091,36.9,1.9e-05,1812.1,0.020363114618398542,ok
phase3_tuning,35,128,128,256,32,64,128,2,8,4,square,512,512,512,0.001763,152.3,3e-05,9056.0,0.016817579505300356,ok
phase3_tuning,35,128,128,256,32,64,128,2,8,4,square,1024,1024,1024,0.004309,498.4,0.000153,14040.9,0.03549630009472327,ok
phase3_tuning,35,128,128,256,32,64,128,2,8,4,square,2048,2048,2048,0.034009,505.2,0.001082,15878.4,0.03181680773881499,ok
phase3_tuning,35,128,128,256,32,64,128,2,8,4,square,4096,4096,4096,0.263647,521.3,0.008428,16306.7,0.031968454684270876,ok
phase3_tuning,36,128,64,256,32,32,128,4,4,4,square,128,128,128,3.5e-05,118.8,1.8e-05,231.1,0.5140631761142362,ok
phase3_tuning,36,128,64,256,32,32,128,4,4,4,square,256,256,256,4e-05,829.5,1.9e-05,1812.1,0.45775619447050386,ok
phase3_tuning,36,128,64,256,32,32,128,4,4,4,square,512,512,512,7.3e-05,3660.6,3e-05,9056.0,0.40421819787985863,ok
phase3_tuning,36,128,64,256,32,32,128,4,4,4,square,1024,1024,1024,0.000205,10491.9,0.000153,14040.9,0.7472384248872935,ok
phase3_tuning,36,128,64,256,32,32,128,4,4,4,square,2048,2048,2048,0.001648,10422.4,0.001082,15878.4,0.6563885530028214,ok
phase3_tuning,36,128,64,256,32,32,128,4,4,4,square,4096,4096,4096,0.012548,10953.0,0.008428,16306.7,0.671687097941337,ok
phase3_tuning,37,128,64,128,16,64,32,4,4,4,square,128,128,128,1.5e-05,285.5,1.8e-05,231.1,1.2353959324967547,ok
phase3_tuning,37,128,64,128,16,64,32,4,4,4,square,256,256,256,2.5e-05,1335.9,1.9e-05,1812.1,0.7372109706969815,ok
phase3_tuning,37,128,64,128,16,64,32,4,4,4,square,512,512,512,4.3e-05,6206.4,3e-05,9056.0,0.6853356890459363,ok
phase3_tuning,37,128,64,128,16,64,32,4,4,4,square,1024,1024,1024,0.000173,12440.2,0.000153,14040.9,0.8859973363530829,ok
phase3_tuning,37,128,64,128,16,64,32,4,4,4,square,2048,2048,2048,0.001318,13032.3,0.001082,15878.4,0.8207564993954051,ok
phase3_tuning,37,128,64,128,16,64,32,4,4,4,square,4096,4096,4096,0.010135,13561.4,0.008428,16306.7,0.8316458878865741,ok
phase3_tuning,38,256,128,128,16,64,32,2,4,8,square,128,128,128,1.8e-05,235.1,1.8e-05,231.1,1.0173085244482907,ok
phase3_tuning,38,256,128,128,16,64,32,2,4,8,square,256,256,256,3.1e-05,1084.8,1.9e-05,1812.1,0.5986424590254401,ok
phase3_tuning,38,256,128,128,16,64,32,2,4,8,square,512,512,512,5.6e-05,4753.0,3e-05,9056.0,0.524845406360424,ok
phase3_tuning,38,256,128,128,16,64,32,2,4,8,square,1024,1024,1024,0.00016,13389.7,0.000153,14040.9,0.9536212066178095,ok
phase3_tuning,38,256,128,128,16,64,32,2,4,8,square,2048,2048,2048,0.001304,13177.3,0.001082,15878.4,0.8298884018540911,ok
phase3_tuning,38,256,128,128,16,64,32,2,4,8,square,4096,4096,4096,0.009523,14432.7,0.008428,16306.7,0.8850779127597859,ok
phase3_tuning,39,128,128,256,8,128,64,1,4,4,square,128,128,128,0.000289,14.5,1.8e-05,231.1,0.0627434011250541,ok
phase3_tuning,39,128,128,256,8,128,64,1,4,4,square,256,256,256,0.000883,38.0,1.9e-05,1812.1,0.020970145135478176,ok
phase3_tuning,39,128,128,256,8,128,64,1,4,4,square,512,512,512,0.001776,151.2,3e-05,9056.0,0.016696113074204946,ok
phase3_tuning,39,128,128,256,8,128,64,1,4,4,square,1024,1024,1024,0.004302,499.1,0.000153,14040.9,0.0355461544487889,ok
phase3_tuning,39,128,128,256,8,128,64,1,4,4,square,2048,2048,2048,0.035148,488.8,0.001082,15878.4,0.030783958081418785,ok
phase3_tuning,39,128,128,256,8,128,64,1,4,4,square,4096,4096,4096,0.261439,525.7,0.008428,16306.7,0.032238282423789,ok
phase3_tuning,40,128,128,128,32,32,128,4,8,4,square,128,128,128,2.3e-05,181.6,1.8e-05,231.1,0.7858070099524016,ok
phase3_tuning,40,128,128,128,32,32,128,4,8,4,square,256,256,256,3.9e-05,850.3,1.9e-05,1812.1,0.46923458970255505,ok
phase3_tuning,40,128,128,128,32,32,128,4,8,4,square,512,512,512,7.1e-05,3804.6,3e-05,9056.0,0.42011925795053,ok
phase3_tuning,40,128,128,128,32,32,128,4,8,4,square,1024,1024,1024,0.0002,10745.3,0.000153,14040.9,0.7652857010590489,ok
phase3_tuning,40,128,128,128,32,32,128,4,8,4,square,2048,2048,2048,0.001468,11703.6,0.001082,15878.4,0.7370767835550182,ok
phase3_tuning,40,128,128,128,32,32,128,4,8,4,square,4096,4096,4096,0.010174,13508.3,0.008428,16306.7,0.8283895576664806,ok
phase3_tuning,41,128,128,256,8,64,128,1,4,4,square,128,128,128,0.000284,14.8,1.8e-05,231.1,0.0640415404586759,ok
phase3_tuning,41,128,128,256,8,64,128,1,4,4,square,256,256,256,0.000897,37.4,1.9e-05,1812.1,0.020639037580707467,ok
phase3_tuning,41,128,128,256,8,64,128,1,4,4,square,512,512,512,0.001766,152.0,3e-05,9056.0,0.01678445229681979,ok
phase3_tuning,41,128,128,256,8,64,128,1,4,4,square,1024,1024,1024,0.004338,495.0,0.000153,14040.9,0.035254150374975965,ok
phase3_tuning,41,128,128,256,8,64,128,1,4,4,square,2048,2048,2048,0.034044,504.6,0.001082,15878.4,0.03177902055622733,ok
phase3_tuning,41,128,128,256,8,64,128,1,4,4,square,4096,4096,4096,0.261286,526.0,0.008428,16306.7,0.03225667976966523,ok
phase3_tuning,42,128,128,128,32,128,32,2,4,4,square,128,128,128,2.3e-05,181.9,1.8e-05,231.1,0.7871051492860234,ok
phase3_tuning,42,128,128,128,32,128,32,2,4,4,square,256,256,256,3.7e-05,896.6,1.9e-05,1812.1,0.4947850560123614,ok
phase3_tuning,42,128,128,128,32,128,32,2,4,4,square,512,512,512,6.6e-05,4040.2,3e-05,9056.0,0.4461351590106007,ok
phase3_tuning,42,128,128,128,32,128,32,2,4,4,square,1024,1024,1024,0.000187,11491.5,0.000153,14040.9,0.8184304424930026,ok
phase3_tuning,42,128,128,128,32,128,32,2,4,4,square,2048,2048,2048,0.001336,12859.0,0.001082,15878.4,0.8098423014913342,ok
phase3_tuning,42,128,128,128,32,128,32,2,4,4,square,4096,4096,4096,0.009482,14495.3,0.008428,16306.7,0.8889168255992934,ok
phase3_tuning,43,128,128,256,32,64,128,1,4,4,square,128,128,128,0.000262,16.0,1.8e-05,231.1,0.06923409779316314,ok
phase3_tuning,43,128,128,256,32,64,128,1,4,4,square,256,256,256,0.000897,37.4,1.9e-05,1812.1,0.020639037580707467,ok
phase3_tuning,43,128,128,256,32,64,128,1,4,4,square,512,512,512,0.001747,153.7,3e-05,9056.0,0.016972173144876323,ok
phase3_tuning,43,128,128,256,32,64,128,1,4,4,square,1024,1024,1024,0.00425,505.3,0.000153,14040.9,0.035987721584798696,ok
phase3_tuning,43,128,128,256,32,64,128,1,4,4,square,2048,2048,2048,0.033893,506.9,0.001082,15878.4,0.03192387142281338,ok
phase3_tuning,43,128,128,256,32,64,128,1,4,4,square,4096,4096,4096,0.261806,525.0,0.008428,16306.7,0.03219535528341111,ok
phase3_tuning,44,128,128,64,8,32,64,4,4,4,square,128,128,128,1.6e-05,268.0,1.8e-05,231.1,1.1596711380354825,ok
phase3_tuning,44,128,128,64,8,32,64,4,4,4,square,256,256,256,2.5e-05,1328.8,1.9e-05,1812.1,0.7332928646321947,ok
phase3_tuning,44,128,128,64,8,32,64,4,4,4,square,512,512,512,4.5e-05,5921.4,3e-05,9056.0,0.6538648409893992,ok
phase3_tuning,44,128,128,64,8,32,64,4,4,4,square,1024,1024,1024,0.000197,10880.1,0.000153,14040.9,0.7748862252419717,ok
phase3_tuning,44,128,128,64,8,32,64,4,4,4,square,2048,2048,2048,0.00143,12016.4,0.001082,15878.4,0.7567765014107215,ok
phase3_tuning,44,128,128,64,8,32,64,4,4,4,square,4096,4096,4096,0.011323,12137.5,0.008428,16306.7,0.7443259519093378,ok
phase3_tuning,45,128,128,256,16,64,128,4,4,8,square,128,128,128,0.000264,15.9,1.8e-05,231.1,0.06880138468195586,ok
phase3_tuning,45,128,128,256,16,64,128,4,4,8,square,256,256,256,0.000907,37.0,1.9e-05,1812.1,0.02041829921086033,ok
phase3_tuning,45,128,128,256,16,64,128,4,4,8,square,512,512,512,0.001808,148.5,3e-05,9056.0,0.016397968197879857,ok
phase3_tuning,45,128,128,256,16,64,128,4,4,8,square,1024,1024,1024,0.004469,480.5,0.000153,14040.9,0.0342214530407595,ok
phase3_tuning,45,128,128,256,16,64,128,4,4,8,square,2048,2048,2048,0.035178,488.4,0.001082,15878.4,0.03075876662636034,ok
phase3_tuning,45,128,128,256,16,64,128,4,4,8,square,4096,4096,4096,0.265456,517.7,0.008428,16306.7,0.031747686533756064,ok
phase3_tuning,46,128,128,256,8,128,64,2,8,4,square,128,128,128,0.00028,15.0,1.8e-05,231.1,0.06490696668109044,ok
phase3_tuning,46,128,128,256,8,128,64,2,8,4,square,256,256,256,0.000912,36.8,1.9e-05,1812.1,0.020307930025936758,ok
phase3_tuning,46,128,128,256,8,128,64,2,8,4,square,512,512,512,0.001847,145.3,3e-05,9056.0,0.016044611307420496,ok
phase3_tuning,46,128,128,256,8,128,64,2,8,4,square,1024,1024,1024,0.004463,481.1,0.000153,14040.9,0.034264185344244316,ok
phase3_tuning,46,128,128,256,8,128,64,2,8,4,square,2048,2048,2048,0.034215,502.1,0.001082,15878.4,0.03162157396211206,ok
phase3_tuning,46,128,128,256,8,128,64,2,8,4,square,4096,4096,4096,0.265391,517.9,0.008428,16306.7,0.031759951431006885,ok
phase3_tuning,47,128,128,256,16,64,128,4,8,8,square,128,128,128,0.000333,12.6,1.8e-05,231.1,0.054521852012115964,ok
phase3_tuning,47,128,128,256,16,64,128,4,8,8,square,256,256,256,0.000955,35.1,1.9e-05,1812.1,0.019369791954086422,ok
phase3_tuning,47,128,128,256,16,64,128,4,8,8,square,512,512,512,0.00192,139.8,3e-05,9056.0,0.015437279151943465,ok
phase3_tuning,47,128,128,256,16,64,128,4,8,8,square,1024,1024,1024,0.004658,461.0,0.000153,14040.9,0.03283265317750287,ok
phase3_tuning,47,128,128,256,16,64,128,4,8,8,square,2048,2048,2048,0.037169,462.2,0.001082,15878.4,0.029108726320032245,ok
phase3_tuning,47,128,128,256,16,64,128,4,8,8,square,4096,4096,4096,0.313362,438.6,0.008428,16306.7,0.026896919671055456,ok
phase3_tuning,48,128,128,64,16,64,32,2,8,4,square,128,128,128,1.6e-05,258.3,1.8e-05,231.1,1.1176979662483775,ok
phase3_tuning,48,128,128,64,16,64,32,2,8,4,square,256,256,256,2.7e-05,1247.7,1.9e-05,1812.1,0.6885381601456874,ok
phase3_tuning,48,128,128,64,16,64,32,2,8,4,square,512,512,512,4.4e-05,6161.7,3e-05,9056.0,0.6803997349823321,ok
phase3_tuning,48,128,128,64,16,64,32,2,8,4,square,1024,1024,1024,0.000175,12263.1,0.000153,14040.9,0.8733841847744803,ok
phase3_tuning,48,128,128,64,16,64,32,2,8,4,square,2048,2048,2048,0.001304,13170.6,0.001082,15878.4,0.8294664449818622,ok
phase3_tuning,48,128,128,64,16,64,32,2,8,4,square,4096,4096,4096,0.010373,13249.9,0.008428,16306.7,0.8125433104184169,ok
